<?xml version="1.0" encoding="utf-8" standalone="yes"?>
<addon id="plugin.video.dream-film"
       name="Dream-film"
       version="0.0.2"
       provider-name="Denis Fomin">
  <requires>
    <import addon="xbmc.python" version="2.1.0"/>
  </requires>
  <extension point="xbmc.python.pluginsource" provides="video" library="addon.py">
    <provides>video</provides>
  </extension>
  <extension point="xbmc.addon.metadata">
    <summary>Dream-film.net</summary>
    <description>Cмотреть фильмы, сериалы онлайн, в онлайн кинотеатре Dream-film.net</description>
    <platform>all</platform>
  </extension>
</addon>