<?xml version="1.0" encoding="UTF-8" standalone="yes"?>
<addon id="repository.ruka" 
       name="Ru Users addons" 
	   version="0.0.1" 
	   provider-name="usersru">
<requires>
  <import addon="xbmc.addon" version="12.0.0"/>
</requires>	
	<extension point="xbmc.addon.repository" name="Ru Users addons">
		<info compressed="false">https://github.com/usersru/ruka/raw/master/addons.xml</info>
		<checksum>https://github.com/usersru/ruka/raw/master/addons.xml.md5</checksum>
		<datadir zip="true">https://github.com/usersru/ruka/raw/master/</datadir>
	</extension>
	<extension point="xbmc.addon.metadata">
		<summary>Install Add-ons from RUS Add-on Repository</summary>
		<summary lang="ru">Плагины русских разработчиков</summary>
		<description>Russian plug-ins installer for Kodi, XBMC</description>
		<description lang="ru">Загружайте, устанавливайте плагины русских разработчиков.</description>
		<disclaimer lang="en">Team XBMC did not make all the add-ons on this repository and are not responsible for their content</disclaimer>
		<disclaimer lang="ru">Разработчики Kodi, XBMC не являются авторами этих дополнений и не несут ответственность за их содержимое.</disclaimer>
		<platform>all</platform>
	</extension>
</addon>